[{"id":6508116,"title":"Page 2","order":null,"templateKey":null,"customTemplate":false,"customTemplateFilename":null,"pageLinks":[],"dateCreated":"2025-05-14T03:37:30.853","dateUpdated":"2025-05-14T04:03:28.170Z","folderId":null,"pageName":"Page 2_6508116","sectionCount":9,"status":2},{"id":60144487,"title":"Blog Template","order":1,"templateKey":"blog","customTemplate":false,"customTemplateFilename":null,"pageLinks":[],"dateCreated":"2025-05-14T03:38:34.006Z","dateUpdated":"2025-05-14T03:38:39.522Z","folderId":null,"pageName":"Blog Template","sectionCount":1,"status":2},{"id":598112371,"title":"Post Template","order":2,"templateKey":"post","customTemplate":false,"customTemplateFilename":null,"pageLinks":[],"dateCreated":"2025-05-14T03:38:34.731Z","dateUpdated":"2025-05-14T03:38:39.538Z","folderId":null,"pageName":"Post Template","sectionCount":1,"status":2},{"id":2158919176,"title":"Product List Template","order":3,"templateKey":"products","customTemplate":false,"customTemplateFilename":null,"pageLinks":[],"dateCreated":"2025-05-14T03:38:35.340Z","dateUpdated":"2025-05-14T03:38:39.541Z","folderId":null,"pageName":"Product List Template","sectionCount":1,"status":2},{"id":84897655,"title":"Product Details Template","order":4,"templateKey":"product","customTemplate":false,"customTemplateFilename":null,"pageLinks":[],"dateCreated":"2025-05-14T03:38:36.074Z","dateUpdated":"2025-05-14T03:38:39.547Z","folderId":null,"pageName":"Product Details Template","sectionCount":1,"status":2},{"id":240621346,"title":"Shopping Cart Template","order":5,"templateKey":"cart","customTemplate":false,"customTemplateFilename":null,"pageLinks":[],"dateCreated":"2025-05-14T03:38:36.922Z","dateUpdated":"2025-05-14T03:38:39.549Z","folderId":null,"pageName":"Shopping Cart Template","sectionCount":1,"status":2},{"id":139949765,"title":"Login Template","order":7,"templateKey":"login","customTemplate":false,"customTemplateFilename":null,"pageLinks":[],"dateCreated":"2025-05-14T03:38:37.735Z","dateUpdated":"2025-05-14T03:38:39.550Z","folderId":null,"pageName":"Login Template","sectionCount":1,"status":2},{"id":804428201,"title":"Search Template","order":8,"templateKey":"Search","customTemplate":false,"customTemplateFilename":null,"pageLinks":[],"dateCreated":"2025-05-14T03:38:38.046Z","dateUpdated":"2025-05-14T03:38:39.551Z","folderId":null,"pageName":"Search Template","sectionCount":1,"status":2},{"id":65039485,"title":"Password Template","order":9,"templateKey":"password","customTemplate":false,"customTemplateFilename":null,"pageLinks":[],"dateCreated":"2025-05-14T03:38:38.400Z","dateUpdated":"2025-05-14T03:38:39.552Z","folderId":null,"pageName":"Password Template","sectionCount":1,"status":2},{"id":79956136,"title":"404 Not Found Template","order":10,"templateKey":"404","customTemplate":false,"customTemplateFilename":null,"pageLinks":[],"dateCreated":"2025-05-14T03:38:38.773Z","dateUpdated":"2025-05-14T03:38:39.552Z","folderId":null,"pageName":"404 Not Found Template","sectionCount":1,"status":2},{"id":412812321,"title":"Thank You Template","order":11,"templateKey":"ThankYou","customTemplate":false,"customTemplateFilename":null,"pageLinks":[],"dateCreated":"2025-05-14T03:38:39.010Z","dateUpdated":"2025-05-14T03:38:39.554Z","folderId":null,"pageName":"Thank You Template","sectionCount":1,"status":2}]